[{"model": "academic.department", "pk": 1, "fields": {"name": "\u0424\u0430\u043a\u0443\u043b\u044c\u0442\u0435\u0442 \u043a\u043e\u043c\u043f\u044c\u044e\u0442\u0435\u0440\u043d\u044b\u0445 \u043d\u0430\u0443\u043a", "short_name": null, "quota": 0, "parent": null}}, {"model": "academic.department", "pk": 2, "fields": {"name": "\u0414\u0435\u043f\u0430\u0440\u0442\u0430\u043c\u0435\u043d\u0442 \u0431\u043e\u043b\u044c\u0448\u0438\u0445 \u0434\u0430\u043d\u043d\u044b\u0445 \u0438 \u0438\u043d\u0444\u043e\u0440\u043c\u0430\u0446\u0438\u043e\u043d\u043d\u043e\u0433\u043e \u043f\u043e\u0438\u0441\u043a\u0430", "short_name": null, "quota": 4, "parent": 1}}, {"model": "academic.department", "pk": 3, "fields": {"name": "\u0414\u0435\u043f\u0430\u0440\u0442\u0430\u043c\u0435\u043d\u0442 \u0430\u043d\u0430\u043b\u0438\u0437\u0430 \u0434\u0430\u043d\u043d\u044b\u0445 \u0438 \u0438\u0441\u043a\u0443\u0441\u0442\u0432\u0435\u043d\u043d\u043e\u0433\u043e \u0438\u043d\u0442\u0435\u043b\u043b\u0435\u043a\u0442\u0430", "short_name": null, "quota": 1, "parent": 1}}, {"model": "academic.department", "pk": 4, "fields": {"name": "\u0414\u0435\u043f\u0430\u0440\u0442\u0430\u043c\u0435\u043d\u0442 \u043f\u0440\u043e\u0433\u0440\u0430\u043c\u043c\u043d\u043e\u0439 \u0438\u043d\u0436\u0435\u043d\u0435\u0440\u0438\u0438", "short_name": "\u0414\u041f\u0418", "quota": 3, "parent": 1}}, {"model": "academic.department", "pk": 5, "fields": {"name": "\u0411\u0430\u0437\u043e\u0432\u0430\u044f \u043a\u0430\u0444\u0435\u0434\u0440\u0430 \u0418\u0421\u041f \u0420\u0410\u041d", "short_name": null, "quota": 3, "parent": 1}}, {"model": "academic.department", "pk": 6, "fields": {"name": "\u0411\u0430\u0437\u043e\u0432\u0430\u044f \u043a\u0430\u0444\u0435\u0434\u0440\u0430 \u042f\u043d\u0434\u0435\u043a\u0441", "short_name": null, "quota": 4, "parent": 1}}, {"model": "academic.department", "pk": 7, "fields": {"name": "\u0411\u0430\u0437\u043e\u0432\u0430\u044f \u043a\u0430\u0444\u0435\u0434\u0440\u0430 \u0418\u0421\u0410 \u0420\u0410\u041d", "short_name": null, "quota": 4, "parent": 1}}, {"model": "academic.department", "pk": 8, "fields": {"name": "\u041a\u0430\u0444\u0435\u0434\u0440\u0430 \u043c\u043e\u0434\u0435\u043b\u0438\u0440\u043e\u0432\u0430\u043d\u0438\u044f \u0441\u043b\u043e\u0436\u043d\u044b\u0445 \u0441\u0438\u0441\u0442\u0435\u043c", "short_name": null, "quota": 4, "parent": 1}}, {"model": "academic.department", "pk": 9, "fields": {"name": "\u041d\u0430\u0443\u0447\u043d\u043e-\u0443\u0447\u0435\u0431\u043d\u0430\u044f \u043b\u0430\u0431\u043e\u0440\u0430\u0442\u043e\u0440\u0438\u044f \u043f\u0440\u043e\u0446\u0435\u0441\u0441\u043d\u043e-\u043e\u0440\u0438\u0435\u043d\u0442\u0438\u0440\u043e\u0432\u0430\u043d\u043d\u044b\u0445 \u0438\u043d\u0444\u043e\u0440\u043c\u0430\u0446\u0438\u043e\u043d\u043d\u044b\u0445 \u0441\u0438\u0441\u0442\u0435\u043c", "short_name": "\u041f\u041e\u0418\u0421", "quota": 4, "parent": 1}}, {"model": "academic.department", "pk": 14, "fields": {"name": "\u041c\u0435\u0436\u0434\u0443\u043d\u0430\u0440\u043e\u0434\u043d\u0430\u044f \u043d\u0430\u0443\u0447\u043d\u043e-\u0443\u0447\u0435\u0431\u043d\u0430\u044f \u043b\u0430\u0431\u043e\u0440\u0430\u0442\u043e\u0440\u0438\u044f \u0438\u043d\u0442\u0435\u043b\u043b\u0435\u043a\u0442\u0443\u0430\u043b\u044c\u043d\u044b\u0445 \u0441\u0438\u0441\u0442\u0435\u043c \u0438 \u0441\u0442\u0440\u0443\u043a\u0442\u0443\u0440\u043d\u043e\u0433\u043e \u0430\u043d\u0430\u043b\u0438\u0437\u0430", "short_name": null, "quota": 4, "parent": 1}}, {"model": "academic.department", "pk": 15, "fields": {"name": "\u041d\u0430\u0443\u0447\u043d\u043e-\u0443\u0447\u0435\u0431\u043d\u0430\u044f \u043b\u0430\u0431\u043e\u0440\u0430\u0442\u043e\u0440\u0438\u044f \u043c\u0435\u0442\u043e\u0434\u043e\u0432 \u0430\u043d\u0430\u043b\u0438\u0437\u0430 \u0431\u043e\u043b\u044c\u0448\u0438\u0445 \u0434\u0430\u043d\u043d\u044b\u0445", "short_name": "LAMBDA", "quota": 4, "parent": 1}}, {"model": "academic.department", "pk": 16, "fields": {"name": "\u041c\u0435\u0436\u0434\u0443\u043d\u0430\u0440\u043e\u0434\u043d\u0430\u044f \u043b\u0430\u0431\u043e\u0440\u0430\u0442\u043e\u0440\u0438\u044f \u0442\u0435\u043e\u0440\u0435\u0442\u0438\u0447\u0435\u0441\u043a\u043e\u0439 \u0438\u043d\u0444\u043e\u0440\u043c\u0430\u0442\u0438\u043a\u0438", "short_name": null, "quota": 4, "parent": 1}}, {"model": "academic.department", "pk": 17, "fields": {"name": "\u041c\u0435\u0436\u0434\u0443\u043d\u0430\u0440\u043e\u0434\u043d\u0430\u044f \u043b\u0430\u0431\u043e\u0440\u0430\u0442\u043e\u0440\u0438\u044f \u0433\u043b\u0443\u0431\u0438\u043d\u043d\u043e\u0433\u043e \u043e\u0431\u0443\u0447\u0435\u043d\u0438\u044f \u0438 \u0431\u0430\u0439\u0435\u0441\u043e\u0432\u0441\u043a\u0438\u0445 \u043c\u0435\u0442\u043e\u0434\u043e\u0432", "short_name": null, "quota": 4, "parent": 1}}, {"model": "academic.category", "pk": 1, "fields": {"name": "\u041d\u043e\u0432\u044b\u0435 \u0438\u0441\u0441\u043b\u0435\u0434\u043e\u0432\u0430\u0442\u0435\u043b\u0438", "description": "\u041d\u0430\u0443\u0447\u043d\u044b\u0435 \u0441\u043e\u0442\u0440\u0443\u0434\u043d\u0438\u043a\u0438, \u043d\u0430\u0434\u043e \u043c\u043d\u043e\u0433\u043e \u043f\u0443\u0431\u043b\u0438\u043a\u0430\u0446\u0438\u0439", "is_quoted": true}}, {"model": "academic.category", "pk": 2, "fields": {"name": "\u0411\u0443\u0434\u0443\u0449\u0438\u0435 \u043f\u0440\u043e\u0444\u0435\u0441\u0441\u043e\u0440\u0430", "description": "\u041d\u0430\u0434\u043e \u043c\u043d\u043e\u0433\u043e \u043f\u0443\u0431\u043b\u0438\u043a\u0430\u0446\u0438\u0439", "is_quoted": true}}, {"model": "academic.category", "pk": 3, "fields": {"name": "\u041d\u043e\u0432\u044b\u0435 \u043f\u0440\u0435\u043f\u043e\u0434\u0430\u0432\u0430\u0442\u0435\u043b\u0438", "description": "<30", "is_quoted": false}}, {"model": "academic.category", "pk": 4, "fields": {"name": "\u041d\u043e\u0432\u044b\u0435 \u043f\u0440\u0435\u043f\u043e\u0434\u0430\u0432\u0430\u0442\u0435\u043b\u0438 30+", "description": ">30", "is_quoted": false}}, {"model": "academic.status", "pk": 1, "fields": {"name": "1 \u0433\u043e\u0434", "description": "\u043a \u0434\u0430\u043d\u043d\u043e\u0439 \u0433\u0440\u0443\u043f\u043f\u0435 \u043e\u0442\u043d\u0435\u0441\u0435\u043d\u044b \u043a\u0430\u043d\u0434\u0438\u0434\u0430\u0442\u044b, \u043a\u043e\u0442\u043e\u0440\u044b\u0435 \u0432\u043f\u0435\u0440\u0432\u044b\u0435 \u0432\u044b\u0434\u0432\u0438\u0433\u0430\u044e\u0442\u0441\u044f \u0432 \u043f\u0440\u043e\u0433\u0440\u0430\u043c\u043c\u0443"}}, {"model": "academic.status", "pk": 2, "fields": {"name": "2 \u0433\u043e\u0434", "description": "\u043a \u0434\u0430\u043d\u043d\u043e\u0439 \u0433\u0440\u0443\u043f\u043f\u0435 \u043e\u0442\u043d\u0435\u0441\u0435\u043d\u044b \u0440\u0435\u0437\u0435\u0440\u0432\u0438\u0441\u0442\u044b, \u043a\u043e\u0442\u043e\u0440\u044b\u0435 \u043f\u0440\u043e\u0434\u043b\u0435\u0432\u0430\u044e\u0442 \u0441\u0432\u043e\u0435 \u0443\u0447\u0430\u0441\u0442\u0438\u0435 \u0432 \u043f\u0440\u043e\u0433\u0440\u0430\u043c\u043c\u0435, \u0442.\u0435. \u043f\u0435\u0440\u0435\u0445\u043e\u0434\u044f\u0442 \u043d\u0430 \u0432\u0442\u043e\u0440\u043e\u0439 \u0433\u043e\u0434"}}, {"model": "academic.status", "pk": 3, "fields": {"name": "\u0412\u044b\u043f\u0443\u0441\u043a", "description": "\u041e\u043a\u043e\u043d\u0447\u0430\u043d\u0438\u0435 \u043f\u0440\u043e\u0433\u0440\u0430\u043c\u043c\u044b"}}, {"model": "academic.daterequirment", "pk": 3, "fields": {"field": "phd", "threshold_min": null, "threshold_max": "2015-11-20", "description": "", "category": 2, "status": 1}}, {"model": "academic.daterequirment", "pk": 4, "fields": {"field": "bth", "threshold_min": "1982-11-20", "threshold_max": null, "description": "\u0432\u043e\u0437\u0440\u0430\u0441\u0442 \u0434\u043e 35 \u043b\u0435\u0442 (\u0432\u043a\u043b\u044e\u0447\u0438\u0442\u0435\u043b\u044c\u043d\u043e) \u043d\u0430 20 \u043d\u043e\u044f\u0431\u0440\u044f \u0442\u0435\u043a\u0443\u0449\u0435\u0433\u043e \u0433\u043e\u0434\u0430", "category": 2, "status": 1}}, {"model": "academic.daterequirment", "pk": 5, "fields": {"field": "bth", "threshold_min": "1987-11-20", "threshold_max": null, "description": "\u0432\u043e\u0437\u0440\u0430\u0441\u0442 \u0434\u043e 30 \u043b\u0435\u0442 (\u0432\u043a\u043b\u044e\u0447\u0438\u0442\u0435\u043b\u044c\u043d\u043e) \u043d\u0430 \u043c\u043e\u043c\u0435\u043d\u0442 20 \u043d\u043e\u044f\u0431\u0440\u044f \u0442\u0435\u043a\u0443\u0449\u0435\u0433\u043e \u0433\u043e\u0434\u0430", "category": 3, "status": 1}}, {"model": "academic.daterequirment", "pk": 6, "fields": {"field": "hse", "threshold_min": "2015-11-20", "threshold_max": null, "description": "", "category": 3, "status": 1}}, {"model": "academic.daterequirment", "pk": 7, "fields": {"field": "bth", "threshold_min": null, "threshold_max": "1987-11-20", "description": "\u0432\u043e\u0437\u0440\u0430\u0441\u0442 \u043e\u0442 30 \u043b\u0435\u0442 \u043d\u0430 \u043c\u043e\u043c\u0435\u043d\u0442 20 \u043d\u043e\u044f\u0431\u0440\u044f \u0442\u0435\u043a\u0443\u0449\u0435\u0433\u043e \u0433\u043e\u0434\u0430", "category": 4, "status": 1}}, {"model": "academic.daterequirment", "pk": 8, "fields": {"field": "hse", "threshold_min": "2016-11-20", "threshold_max": null, "description": "", "category": 4, "status": 1}}, {"model": "academic.daterequirment", "pk": 9, "fields": {"field": "hse", "threshold_min": "2017-04-20", "threshold_max": null, "description": "", "category": 1, "status": 1}}, {"model": "academic.daterequirment", "pk": 10, "fields": {"field": "bth", "threshold_min": "1987-10-20", "threshold_max": null, "description": "\u0432\u043e\u0437\u0440\u0430\u0441\u0442 \u0434\u043e 30 \u043b\u0435\u0442 (\u0432\u043a\u043b\u044e\u0447\u0438\u0442\u0435\u043b\u044c\u043d\u043e) \u043d\u0430 \u043c\u043e\u043c\u0435\u043d\u0442 20 \u043d\u043e\u044f\u0431\u0440\u044f \u0442\u0435\u043a\u0443\u0449\u0435\u0433\u043e \u0433\u043e\u0434\u0430", "category": 1, "status": 1}}, {"model": "academic.stageset", "pk": 1, "fields": {"name": "\u0410\u043d\u043a\u0435\u0442\u0430", "description": "\u0417\u0430\u043f\u043e\u043b\u043d\u0435\u043d\u0438\u0435 \u0430\u043d\u043a\u0435\u0442\u044b \u0434\u043b\u044f \u0443\u0447\u0430\u0441\u0442\u0438\u044f", "statuses": [1]}}, {"model": "academic.stageset", "pk": 2, "fields": {"name": "\u041a\u043e\u043c\u0438\u0441\u0441\u0438\u044f \u043f\u043e \u043d\u0430\u043f\u0440\u0430\u0432\u043b\u0435\u043d\u0438\u044e", "description": "", "statuses": [1, 2]}}, {"model": "academic.stageset", "pk": 3, "fields": {"name": "\u041e\u0442\u0447\u0451\u0442", "description": "\u041e\u0442\u0447\u0451\u0442 \u043e\u0431 \u0438\u0441\u0441\u043b\u0435\u0434\u043e\u0432\u0430\u043d\u0438\u044f\u0445", "statuses": [2, 3]}}, {"model": "academic.stageset", "pk": 4, "fields": {"name": "\u0421\u043e\u0433\u043b\u0430\u0441\u043e\u0432\u0430\u043d\u0438\u0435", "description": "", "statuses": [1, 2]}}, {"model": "academic.stageset", "pk": 5, "fields": {"name": "\u0423\u0447\u0451\u043d\u044b\u0439 \u0441\u043e\u0432\u0435\u0442", "description": "", "statuses": [1, 2]}}, {"model": "academic.stageset", "pk": 6, "fields": {"name": "\u041f\u043b\u0430\u043d", "description": "\u041f\u043b\u0430\u043d \u0440\u0430\u0431\u043e\u0442", "statuses": [1, 2]}}, {"model": "academic.stageset", "pk": 7, "fields": {"name": "\u041a\u0430\u0434\u0440\u043e\u0432\u0430\u044f \u043a\u043e\u043c\u0438\u0441\u0441\u0438\u044f", "description": "", "statuses": [1, 2, 3]}}, {"model": "academic.stage", "pk": 1, "fields": {"stageset": 1, "stagename": "\u0410\u043d\u043a\u0435\u0442\u0430 2017", "deadline": "2017-04-01", "reminder": "3 00:00:00", "name_by": "", "name_to": "", "manager_position": "", "manager_signature": "", "categories": [1, 2, 3, 4], "departments": [2, 3, 4, 5, 6, 7, 8, 9, 14, 15, 16, 17]}}, {"model": "academic.stage", "pk": 3, "fields": {"stageset": 2, "stagename": "\u041a\u0430\u0434\u0440\u043e\u0432\u0430\u044f \u043a\u043e\u043c\u0438\u0441\u0441\u0438\u044f \u043f\u043e \u043f\u0440\u0438\u043a\u043b\u0430\u0434\u043d\u043e\u0439 \u043c\u0430\u0442\u0435\u043c\u0430\u0442\u0438\u043a\u0435 \u0438 \u0438\u043d\u0444\u043e\u0440\u043c\u0430\u0442\u0438\u043a\u0435", "deadline": "2017-05-01", "reminder": "3 00:00:00", "name_by": "A", "name_to": "B", "manager_position": "", "manager_signature": "", "categories": [1, 2, 3, 4], "departments": [2, 3, 6, 7, 8, 9, 14, 15, 16, 17]}}, {"model": "academic.stage", "pk": 4, "fields": {"stageset": 2, "stagename": "\u041a\u0430\u0434\u0440\u043e\u0432\u0430\u044f \u043a\u043e\u043c\u0438\u0441\u0441\u0438\u044f \u043f\u043e \u043f\u0440\u043e\u0433\u0440\u0430\u043c\u043c\u043d\u043e\u0439 \u0438\u043d\u0436\u0435\u043d\u0435\u0440\u0438\u0438", "deadline": "2017-05-01", "reminder": "3 00:00:00", "name_by": "A", "name_to": "B", "manager_position": "", "manager_signature": "", "categories": [1, 2, 3, 4], "departments": [4, 5]}}, {"model": "academic.stage", "pk": 5, "fields": {"stageset": 3, "stagename": "\u041e\u0442\u0447\u0451\u0442 - 2017", "deadline": "2017-04-03", "reminder": "3 00:00:00", "name_by": "A", "name_to": "B", "manager_position": "", "manager_signature": "", "categories": [1, 2, 3, 4], "departments": [2, 3, 4, 5, 6, 7, 8, 9, 14, 15, 16, 17]}}, {"model": "academic.stage", "pk": 6, "fields": {"stageset": 4, "stagename": "\u0417\u0430\u0441\u0435\u0434\u0430\u043d\u0438\u0435 \u0431\u0430\u0437\u043e\u0432\u043e\u0439 \u043a\u0430\u0444\u0435\u0434\u0440\u044b \u0418\u0421\u041f \u0420\u0410\u041d - 2017", "deadline": "2017-04-11", "reminder": "3 00:00:00", "name_by": "\u0431\u0430\u0437\u043e\u0432\u043e\u0439 \u043a\u0430\u0444\u0435\u0434\u0440\u043e\u0439 \u00ab\u0421\u0438\u0441\u0442\u0435\u043c\u043d\u043e\u0435 \u043f\u0440\u043e\u0433\u0440\u0430\u043c\u043c\u0438\u0440\u043e\u0432\u0430\u043d\u0438\u0435\u00bb \u0418\u043d\u0441\u0442\u0438\u0442\u0443\u0442\u0430 \u0441\u0438\u0441\u0442\u0435\u043c\u043d\u043e\u0433\u043e \u043f\u0440\u043e\u0433\u0440\u0430\u043c\u043c\u0438\u0440\u043e\u0432\u0430\u043d\u0438\u044f \u0420\u0410\u041d", "name_to": "\u043a\u0430\u0434\u0440\u043e\u0432\u043e\u0439 \u043a\u043e\u043c\u0438\u0441\u0441\u0438\u0435\u0439 \u043f\u043e \u043f\u0440\u043e\u0433\u0440\u0430\u043c\u043c\u043d\u043e\u0439 \u0438\u043d\u0436\u0435\u043d\u0435\u0440\u0438\u0438", "manager_position": "\u0417\u0430\u0432\u0435\u0434\u0443\u044e\u0449\u0438\u0439 \u043a\u0430\u0444\u0435\u0434\u0440\u043e\u0439 \u00ab\u0421\u0438\u0441\u0442\u0435\u043c\u043d\u043e\u0435 \u043f\u0440\u043e\u0433\u0440\u0430\u043c\u043c\u0438\u0440\u043e\u0432\u0430\u043d\u0438\u0435\u00bb \u0418\u0421\u041f \u0420\u0410\u041d", "manager_signature": "\u0434.\u0444-\u043c.\u043d., \u043f\u0440\u043e\u0444\u0435\u0441\u0441\u043e\u0440, \u0410\u0432\u0435\u0442\u0438\u0441\u044f\u043d \u0410.\u0418.", "categories": [1, 2, 3, 4], "departments": [5]}}, {"model": "academic.stage", "pk": 7, "fields": {"stageset": 5, "stagename": "\u0423\u0447\u0451\u043d\u044b\u0439 \u0441\u043e\u0432\u0435\u0442 \u0424\u041a\u041d", "deadline": "2017-05-05", "reminder": "3 00:00:00", "name_by": "A", "name_to": "B", "manager_position": "", "manager_signature": "", "categories": [1, 2, 3, 4], "departments": [2, 3, 4, 5, 6, 7, 8, 9, 14, 15, 16, 17]}}, {"model": "academic.stage", "pk": 8, "fields": {"stageset": 4, "stagename": "\u0417\u0430\u0441\u0435\u0434\u0430\u043d\u0438\u0435 \u0434\u0435\u043f\u0430\u0440\u0442\u0430\u043c\u0435\u043d\u0442\u0430 \u0411\u0414\u0438\u0418\u041f - 2017", "deadline": "2017-04-25", "reminder": "3 00:00:00", "name_by": "\u0434\u0435\u043f\u0430\u0440\u0442\u0430\u043c\u0435\u043d\u0442\u043e\u043c \u0431\u043e\u043b\u044c\u0448\u0438\u0445 \u0434\u0430\u043d\u043d\u044b\u0445 \u0438 \u0438\u043d\u0444\u043e\u0440\u043c\u0430\u0446\u0438\u043e\u043d\u043d\u043e\u0433\u043e \u043f\u043e\u0438\u0441\u043a\u0430", "name_to": "\u043a\u0430\u0434\u0440\u043e\u0432\u043e\u0439 \u043a\u043e\u043c\u0438\u0441\u0441\u0438\u0435\u0439 \u043f\u043e \u043f\u0440\u0438\u043a\u043b\u0430\u0434\u043d\u043e\u0439 \u043c\u0430\u0442\u0435\u043c\u0430\u0442\u0438\u043a\u0435 \u0438 \u0438\u043d\u0444\u043e\u0440\u043c\u0430\u0442\u0438\u043a\u0435", "manager_position": "\u0420\u0443\u043a\u043e\u0432\u043e\u0434\u0438\u0442\u0435\u043b\u044c \u0434\u0435\u043f\u0430\u0440\u0442\u0430\u043c\u0435\u043d\u0442\u0430 \u0431\u043e\u043b\u044c\u0448\u0438\u0445 \u0434\u0430\u043d\u043d\u044b\u0445 \u0438 \u0438\u043d\u0444\u043e\u0440\u043c\u0430\u0446\u0438\u043e\u043d\u043d\u043e\u0433\u043e \u043f\u043e\u0438\u0441\u043a\u0430", "manager_signature": "\u043a.\u0444-\u043c.\u043d., \u041f\u043e\u0434\u043e\u043b\u044c\u0441\u043a\u0438\u0439 \u0412.\u0412.", "categories": [1, 2, 3, 4], "departments": [2]}}, {"model": "academic.stage", "pk": 9, "fields": {"stageset": 6, "stagename": "\u041f\u043b\u0430\u043d - 2017", "deadline": "2017-04-02", "reminder": "3 00:00:00", "name_by": "", "name_to": "", "manager_position": "", "manager_signature": "", "categories": [1, 2, 3, 4], "departments": [2, 3, 4, 5, 6, 7, 8, 9, 14, 15, 16, 17]}}, {"model": "academic.stage", "pk": 10, "fields": {"stageset": 4, "stagename": "\u0417\u0430\u0441\u0435\u0434\u0430\u043d\u0438\u0435 \u0434\u0435\u043f\u0430\u0440\u0442\u0430\u043c\u0435\u043d\u0442\u0430 \u0410\u0414\u0438\u0418\u0418 - 2017", "deadline": "2017-04-23", "reminder": "3 00:00:00", "name_by": "\u0434\u0435\u043f\u0430\u0440\u0442\u0430\u043c\u0435\u043d\u0442\u043e\u043c \u0430\u043d\u0430\u043b\u0438\u0437\u0430 \u0434\u0430\u043d\u043d\u044b\u0445 \u0438 \u0438\u0441\u043a\u0443\u0441\u0442\u0432\u0435\u043d\u043d\u043e\u0433\u043e \u0438\u043d\u0442\u0435\u043b\u043b\u0435\u043a\u0442\u0430", "name_to": "\u041a\u0430\u0434\u0440\u043e\u0432\u043e\u0439 \u043a\u043e\u043c\u0438\u0441\u0441\u0438\u0435\u0439 \u043f\u043e \u043f\u0440\u0438\u043a\u043b\u0430\u0434\u043d\u043e\u0439 \u043c\u0430\u0442\u0435\u043c\u0430\u0442\u0438\u043a\u0435 \u0438 \u0438\u043d\u0444\u043e\u0440\u043c\u0430\u0442\u0438\u043a\u0435", "manager_position": "\u0420\u0443\u043a\u043e\u0432\u043e\u0434\u0438\u0442\u0435\u043b\u044c \u0434\u0435\u043f\u0430\u0440\u0442\u0430\u043c\u0435\u043d\u0442\u0430 \u0430\u043d\u0430\u043b\u0438\u0437\u0430 \u0434\u0430\u043d\u043d\u044b\u0445 \u0438 \u0438\u0441\u043a\u0443\u0441\u0442\u0432\u0435\u043d\u043d\u043e\u0433\u043e \u0438\u043d\u0442\u0435\u043b\u043b\u0435\u043a\u0442\u0430", "manager_signature": "\u0434.\u0444-\u043c.\u043d., \u043f\u0440\u043e\u0444\u0435\u0441\u0441\u043e\u0440, \u041a\u0443\u0437\u043d\u0435\u0446\u043e\u0432 \u0421.\u041e.", "categories": [1, 2, 3, 4], "departments": [3]}}, {"model": "academic.stage", "pk": 11, "fields": {"stageset": 7, "stagename": "\u041a\u043e\u043c\u0438\u0441\u0441\u0438\u044f-2017", "deadline": "2017-12-15", "reminder": "3 00:00:00", "name_by": "", "name_to": "", "manager_position": "", "manager_signature": "", "categories": [1, 2, 3, 4], "departments": [2, 3, 4, 5, 6, 7, 8, 9, 14, 15, 16, 17]}}, {"model": "academic.stage", "pk": 14, "fields": {"stageset": 4, "stagename": "\u0417\u0430\u0441\u0435\u0434\u0430\u043d\u0438\u0435 \u0434\u0435\u043f\u0430\u0440\u0442\u0430\u043c\u0435\u043d\u0442\u0430 \u041f\u0418 - 2017", "deadline": "2017-04-06", "reminder": "3 00:00:00", "name_by": "\u0434\u0435\u043f\u0430\u0440\u0442\u0430\u043c\u0435\u043d\u0442\u043e\u043c \u043f\u0440\u043e\u0433\u0440\u0430\u043c\u043c\u043d\u043e\u0439 \u0438\u043d\u0436\u0435\u043d\u0435\u0440\u0438\u0438", "name_to": "\u043a\u0430\u0434\u0440\u043e\u0432\u043e\u0439 \u043a\u043e\u043c\u0438\u0441\u0441\u0438\u0435\u0439 \u043f\u043e \u043f\u0440\u043e\u0433\u0440\u0430\u043c\u043c\u043d\u043e\u0439 \u0438\u043d\u0436\u0435\u043d\u0435\u0440\u0438\u0438", "manager_position": "\u0420\u0443\u043a\u043e\u0432\u043e\u0434\u0438\u0442\u0435\u043b\u044c \u0434\u0435\u043f\u0430\u0440\u0442\u0430\u043c\u0435\u043d\u0442\u0430 \u043f\u0440\u043e\u0433\u0440\u0430\u043c\u043c\u043d\u043e\u0439 \u0438\u043d\u0436\u0435\u043d\u0435\u0440\u0438\u0438", "manager_signature": "\u043a.\u0442.\u043d., \u043f\u0440\u043e\u0444\u0435\u0441\u0441\u043e\u0440, \u0410\u0432\u0434\u043e\u0448\u0438\u043d \u0421.\u041c.", "categories": [1, 2, 3, 4], "departments": [4]}}, {"model": "academic.stage", "pk": 15, "fields": {"stageset": 4, "stagename": "\u0417\u0430\u0441\u0435\u0434\u0430\u043d\u0438\u0435 \u0431\u0430\u0437\u043e\u0432\u043e\u0439 \u043a\u0430\u0444\u0435\u0434\u0440\u044b \u042f\u043d\u0434\u0435\u043a\u0441 - 2017", "deadline": "2017-04-25", "reminder": "3 00:00:00", "name_by": "\u0431\u0430\u0437\u043e\u0432\u043e\u0439 \u043a\u0430\u0444\u0435\u0434\u0440\u043e\u0439 \u042f\u043d\u0434\u0435\u043a\u0441", "name_to": "\u043a\u0430\u0434\u0440\u043e\u0432\u043e\u0439 \u043a\u043e\u043c\u0438\u0441\u0441\u0438\u0435\u0439 \u043f\u043e \u043f\u0440\u0438\u043a\u043b\u0430\u0434\u043d\u043e\u0439 \u043c\u0430\u0442\u0435\u043c\u0430\u0442\u0438\u043a\u0435 \u0438 \u0438\u043d\u0444\u043e\u0440\u043c\u0430\u0442\u0438\u043a\u0435", "manager_position": "\u0417\u0430\u0432\u0435\u0434\u0443\u044e\u0449\u0438\u0439 \u0431\u0430\u0437\u043e\u0432\u043e\u0439 \u043a\u0430\u0444\u0435\u0434\u0440\u043e\u0439 \u042f\u043d\u0434\u0435\u043a\u0441", "manager_signature": "\u043a.\u0444-\u043c.\u043d., \u0411\u0430\u0431\u0435\u043d\u043a\u043e \u041c.\u0410.", "categories": [1, 2, 3, 4], "departments": [6]}}, {"model": "academic.stage", "pk": 16, "fields": {"stageset": 4, "stagename": "\u0417\u0430\u0441\u0435\u0434\u0430\u043d\u0438\u0435 \u0431\u0430\u0437\u043e\u0432\u043e\u0439 \u043a\u0430\u0444\u0435\u0434\u0440\u044b \u0418\u0421\u0410 \u0420\u0410\u041d - 2017", "deadline": "2017-04-25", "reminder": "3 00:00:00", "name_by": "\u0411\u0430\u0437\u043e\u0432\u043e\u0439 \u043a\u0430\u0444\u0435\u0434\u0440\u043e\u0439 \u00ab\u0418\u043d\u0442\u0435\u043b\u043b\u0435\u043a\u0442\u0443\u0430\u043b\u044c\u043d\u044b\u0435 \u0442\u0435\u0445\u043d\u043e\u043b\u043e\u0433\u0438\u0438 \u0441\u0438\u0441\u0442\u0435\u043c\u043d\u043e\u0433\u043e \u0430\u043d\u0430\u043b\u0438\u0437\u0430 \u0438 \u0443\u043f\u0440\u0430\u0432\u043b\u0435\u043d\u0438\u044f\u00bb \u0424\u0418\u0426 \u00ab\u0418\u043d\u0444\u043e\u0440\u043c\u0430\u0442\u0438\u043a\u0430 \u0438 \u0443\u043f\u0440\u0430\u0432\u043b\u0435\u043d\u0438\u0435\u00bb \u0420\u0410\u041d", "name_to": "\u043a\u0430\u0434\u0440\u043e\u0432\u043e\u0439 \u043a\u043e\u043c\u0438\u0441\u0441\u0438\u0435\u0439 \u043f\u043e \u043f\u0440\u0438\u043a\u043b\u0430\u0434\u043d\u043e\u0439 \u043c\u0430\u0442\u0435\u043c\u0430\u0442\u0438\u043a\u0435 \u0438 \u0438\u043d\u0444\u043e\u0440\u043c\u0430\u0442\u0438\u043a\u0435", "manager_position": "\u0417\u0430\u0432\u0435\u0434\u0443\u044e\u0449\u0438\u0439 \u043a\u0430\u0444\u0435\u0434\u0440\u043e\u0439", "manager_signature": "\u0434.\u0442.\u043d., \u043f\u0440\u043e\u0444\u0435\u0441\u0441\u043e\u0440, \u041f\u043e\u043f\u043a\u043e\u0432 \u042e.\u0421.", "categories": [1, 2, 3, 4], "departments": [7]}}, {"model": "academic.stage", "pk": 17, "fields": {"stageset": 4, "stagename": "\u0417\u0430\u0441\u0435\u0434\u0430\u043d\u0438\u0435 \u043b\u0430\u0431\u043e\u0440\u0430\u0442\u043e\u0440\u0438\u0438 \u041f\u041e\u0418\u0421 - 2017", "deadline": "2017-04-20", "reminder": "3 00:00:00", "name_by": "\u041d\u0430\u0443\u0447\u043d\u043e-\u0443\u0447\u0435\u0431\u043d\u043e\u0439 \u043b\u0430\u0431\u043e\u0440\u0430\u0442\u043e\u0440\u0438\u0435\u0439 \u043f\u0440\u043e\u0446\u0435\u0441\u0441\u043d\u043e-\u043e\u0440\u0438\u0435\u043d\u0442\u0438\u0440\u043e\u0432\u0430\u043d\u043d\u044b\u0445 \u0438\u043d\u0444\u043e\u0440\u043c\u0430\u0446\u0438\u043e\u043d\u043d\u044b\u0445 \u0441\u0438\u0441\u0442\u0435\u043c", "name_to": "\u0443\u0447\u0451\u043d\u044b\u043c \u0441\u043e\u0432\u0435\u0442\u043e\u043c \u0444\u0430\u043a\u0443\u043b\u044c\u0442\u0435\u0442\u0430 \u043a\u043e\u043c\u043f\u044c\u044e\u0442\u0435\u0440\u043d\u044b\u0445 \u043d\u0430\u0443\u043a", "manager_position": "\u0417\u0430\u0432\u0435\u0434\u0443\u044e\u0449\u0430\u044f \u043b\u0430\u0431\u043e\u0440\u0430\u0442\u043e\u0440\u0438\u0435\u0439", "manager_signature": "\u041b\u043e\u043c\u0430\u0437\u043e\u0432\u0430 \u0418.\u0410.", "categories": [1, 2, 3, 4], "departments": [9]}}, {"model": "academic.stage", "pk": 18, "fields": {"stageset": 4, "stagename": "\u0417\u0430\u0441\u0435\u0434\u0430\u043d\u0438\u0435 \u041d\u0423\u041b \u0418\u0421\u0421\u0410 - 2017", "deadline": "2017-04-27", "reminder": "3 00:00:00", "name_by": "\u041c\u0435\u0436\u0434\u0443\u043d\u0430\u0440\u043e\u0434\u043d\u043e\u0439 \u043d\u0430\u0443\u0447\u043d\u043e-\u0443\u0447\u0435\u0431\u043d\u043e\u0439 \u043b\u0430\u0431\u043e\u0440\u0430\u0442\u043e\u0440\u0438\u0435\u0439 \u0438\u043d\u0442\u0435\u043b\u043b\u0435\u043a\u0442\u0443\u0430\u043b\u044c\u043d\u044b\u0445 \u0441\u0438\u0441\u0442\u0435\u043c \u0438 \u0441\u0442\u0440\u0443\u043a\u0442\u0443\u0440\u043d\u043e\u0433\u043e \u0430\u043d\u0430\u043b\u0438\u0437\u0430", "name_to": "\u0443\u0447\u0451\u043d\u044b\u043c \u0441\u043e\u0432\u0435\u0442\u043e\u043c \u0444\u0430\u043a\u0443\u043b\u044c\u0442\u0435\u0442\u0430 \u043a\u043e\u043c\u043f\u044c\u044e\u0442\u0435\u0440\u043d\u044b\u0445 \u043d\u0430\u0443\u043a", "manager_position": "\u0417\u0430\u0432\u0435\u0434\u0443\u044e\u0449\u0438\u0439 \u043b\u0430\u0431\u043e\u0440\u0430\u0442\u043e\u0440\u0438\u0435\u0439", "manager_signature": "\u041a\u0443\u0437\u043d\u0435\u0446\u043e\u0432 \u0421.\u041e.", "categories": [1, 2, 3, 4], "departments": [14]}}, {"model": "academic.stage", "pk": 19, "fields": {"stageset": 4, "stagename": "\u0417\u0430\u0441\u0435\u0434\u0430\u043d\u0438\u0435 LAMBDA - 2017", "deadline": "2017-04-27", "reminder": "3 00:00:00", "name_by": "\u041d\u0430\u0443\u0447\u043d\u043e-\u0443\u0447\u0435\u0431\u043d\u043e\u0439 \u043b\u0430\u0431\u043e\u0440\u0430\u0442\u043e\u0440\u0438\u0435\u0439 \u043c\u0435\u0442\u043e\u0434\u043e\u0432 \u0430\u043d\u0430\u043b\u0438\u0437\u0430 \u0431\u043e\u043b\u044c\u0448\u0438\u0445 \u0434\u0430\u043d\u043d\u044b\u0445", "name_to": "\u0443\u0447\u0451\u043d\u044b\u043c \u0441\u043e\u0432\u0435\u0442\u043e\u043c \u0444\u0430\u043a\u0443\u043b\u044c\u0442\u0435\u0442\u0430 \u043a\u043e\u043c\u043f\u044c\u044e\u0442\u0435\u0440\u043d\u044b\u0445 \u043d\u0430\u0443\u043a", "manager_position": "\u0417\u0430\u0432\u0435\u0434\u0443\u044e\u0449\u0438\u0439 \u043b\u0430\u0431\u043e\u0440\u0430\u0442\u043e\u0440\u0438\u0435\u0439", "manager_signature": "\u0423\u0441\u0442\u044e\u0436\u0430\u043d\u0438\u043d \u0410.\u0415.", "categories": [1, 2, 3, 4], "departments": [15]}}, {"model": "academic.stage", "pk": 20, "fields": {"stageset": 4, "stagename": "\u0417\u0430\u0441\u0435\u0434\u0430\u043d\u0438\u0435 \u043c\u0435\u0436\u0434\u0443\u043d\u0430\u0440\u043e\u0434\u043d\u043e\u0439 \u043b\u0430\u0431\u043e\u0440\u0430\u0442\u043e\u0440\u0438\u0438 \u0442\u0435\u043e\u0440\u0435\u0442\u0438\u0447\u0435\u0441\u043a\u043e\u0439 \u0438\u043d\u0444\u043e\u0440\u043c\u0430\u0442\u0438\u043a\u0438 - 2017", "deadline": "2017-04-28", "reminder": "3 00:00:00", "name_by": "\u043c\u0435\u0436\u0434\u0443\u043d\u0430\u0440\u043e\u0434\u043d\u043e\u0439 \u043b\u0430\u0431\u043e\u0440\u0430\u0442\u043e\u0440\u0438\u0435\u0439 \u0442\u0435\u043e\u0440\u0435\u0442\u0438\u0447\u0435\u0441\u043a\u043e\u0439 \u0438\u043d\u0444\u043e\u0440\u043c\u0430\u0442\u0438\u043a\u0438", "name_to": "\u0443\u0447\u0451\u043d\u044b\u043c \u0441\u043e\u0432\u0435\u0442\u043e\u043c \u0444\u0430\u043a\u0443\u043b\u044c\u0442\u0435\u0442\u0430 \u043a\u043e\u043c\u043f\u044c\u044e\u0442\u0435\u0440\u043d\u044b\u0445 \u043d\u0430\u0443\u043a", "manager_position": "\u0417\u0430\u0432\u0435\u0434\u0443\u044e\u0449\u0438\u0439 \u043b\u0430\u0431\u043e\u0440\u0430\u0442\u043e\u0440\u0438\u0435\u0439", "manager_signature": "\u0412\u0435\u0440\u0435\u0449\u0430\u0433\u0438\u043d \u041d.\u041a.", "categories": [1, 2, 3, 4], "departments": [16]}}, {"model": "academic.stage", "pk": 21, "fields": {"stageset": 4, "stagename": "\u0417\u0430\u0441\u0435\u0434\u0430\u043d\u0438\u0435 \u043c\u0435\u0436\u0434\u0443\u043d\u0430\u0440\u043e\u0434\u043d\u043e\u0439 \u043b\u0430\u0431\u043e\u0440\u0430\u0442\u043e\u0440\u0438\u0438 \u0433\u043b\u0443\u0431\u0438\u043d\u043d\u043e\u0433\u043e \u043e\u0431\u0443\u0447\u0435\u043d\u0438\u044f \u0438 \u0431\u0430\u0439\u0435\u0441\u043e\u0432\u0441\u043a\u0438\u0445 \u043c\u0435\u0442\u043e\u0434\u043e\u0432 - 2017", "deadline": "2017-04-27", "reminder": "3 00:00:00", "name_by": "\u041c\u0435\u0436\u0434\u0443\u043d\u0430\u0440\u043e\u0434\u043d\u043e\u0439 \u043b\u0430\u0431\u043e\u0440\u0430\u0442\u043e\u0440\u0438\u0435\u0439 \u0433\u043b\u0443\u0431\u0438\u043d\u043d\u043e\u0433\u043e \u043e\u0431\u0443\u0447\u0435\u043d\u0438\u044f \u0438 \u0431\u0430\u0439\u0435\u0441\u043e\u0432\u0441\u043a\u0438\u0445 \u043c\u0435\u0442\u043e\u0434\u043e\u0432", "name_to": "\u0443\u0447\u0451\u043d\u044b\u043c \u0441\u043e\u0432\u0435\u0442\u043e\u043c \u0444\u0430\u043a\u0443\u043b\u044c\u0442\u0435\u0442\u0430 \u043a\u043e\u043c\u043f\u044c\u044e\u0442\u0435\u0440\u043d\u044b\u0445 \u043d\u0430\u0443\u043a", "manager_position": "\u0417\u0430\u0432\u0435\u0434\u0443\u044e\u0449\u0438\u0439 \u043b\u0430\u0431\u043e\u0440\u0430\u0442\u043e\u0440\u0438\u0435\u0439", "manager_signature": "\u0412\u0435\u0442\u0440\u043e\u0432 \u0414.\u041f.", "categories": [1, 2, 3, 4], "departments": [17]}}, {"model": "academic.reporttemplate", "pk": 1, "fields": {"name": "\u0420\u0443\u043a\u043e\u0432\u043e\u0434\u0438\u0442\u0435\u043b\u044c -> \u0414\u0435\u043a\u0430\u043d", "template_file": "report_templates/labtemplate.docx", "stageset": 4}}, {"model": "academic.reporttemplate", "pk": 2, "fields": {"name": "\u041e\u0442\u0447\u0451\u0442 \u0440\u0435\u0437\u0435\u0440\u0432\u0430", "template_file": "report_templates/totaltemplate.docx", "stageset": 7}}, {"model": "academic.reporttemplate", "pk": 3, "fields": {"name": "\u0414\u0435\u043a\u0430\u043d -> \u041f\u0440\u043e\u0440\u0435\u043a\u0442\u043e\u0440", "template_file": "report_templates/deantemplate.docx", "stageset": 5}}, {"model": "academic.reporttemplate", "pk": 4, "fields": {"name": "\u041f\u0440\u043e\u0442\u043e\u043a\u043e\u043b\u044b \u043a\u043e\u043c\u0438\u0441\u0441\u0438\u0438", "template_file": "report_templates/amitemplate.docx", "stageset": 2}}, {"model": "academic.reporttemplate", "pk": 6, "fields": {"name": "\u0412\u044b\u043f\u0438\u0441\u043a\u0430 \u0438\u0437 \u043f\u0440\u043e\u0442\u043e\u043a\u043e\u043b\u0430", "template_file": "report_templates/prototemplate.docx", "stageset": 5}}, {"model": "academic.step", "pk": 1, "fields": {"name": "\u041d\u0435\u0442", "stageset": 6, "is_final": false}}, {"model": "academic.step", "pk": 2, "fields": {"name": "\u041d\u0430 \u0434\u043e\u0440\u0430\u0431\u043e\u0442\u043a\u0435", "stageset": 6, "is_final": false}}, {"model": "academic.step", "pk": 3, "fields": {"name": "\u041f\u0440\u0438\u043d\u044f\u0442", "stageset": 6, "is_final": true}}, {"model": "academic.step", "pk": 4, "fields": {"name": "\u041d\u0435\u0442", "stageset": 1, "is_final": false}}, {"model": "academic.step", "pk": 5, "fields": {"name": "\u041d\u0430 \u0434\u043e\u0440\u0430\u0431\u043e\u0442\u043a\u0435", "stageset": 1, "is_final": false}}, {"model": "academic.step", "pk": 6, "fields": {"name": "\u041d\u0435\u0442", "stageset": 2, "is_final": false}}, {"model": "academic.step", "pk": 8, "fields": {"name": "\u041d\u0430 \u0440\u0430\u0441\u0441\u043c\u043e\u0442\u0440\u0435\u043d\u0438\u0438", "stageset": 2, "is_final": false}}, {"model": "academic.step", "pk": 9, "fields": {"name": "\u041e\u0442\u043a\u043b\u043e\u043d\u0451\u043d", "stageset": 2, "is_final": false}}, {"model": "academic.step", "pk": 10, "fields": {"name": "\u041d\u0435\u0442", "stageset": 4, "is_final": false}}, {"model": "academic.step", "pk": 11, "fields": {"name": "\u0420\u0435\u043a\u043e\u043c\u0435\u043d\u0434\u043e\u0432\u0430\u043d", "stageset": 4, "is_final": true}}, {"model": "academic.step", "pk": 12, "fields": {"name": "\u041d\u0435\u0442", "stageset": 5, "is_final": false}}, {"model": "academic.step", "pk": 13, "fields": {"name": "\u041d\u0430 \u0440\u0430\u0441\u0441\u043c\u043e\u0442\u0440\u0435\u043d\u0438\u0438", "stageset": 5, "is_final": false}}, {"model": "academic.step", "pk": 14, "fields": {"name": "\u0423\u0442\u0432\u0435\u0440\u0436\u0434\u0451\u043d", "stageset": 5, "is_final": true}}, {"model": "academic.step", "pk": 15, "fields": {"name": "\u041e\u0442\u043a\u043b\u043e\u043d\u0451\u043d", "stageset": 5, "is_final": true}}, {"model": "academic.step", "pk": 16, "fields": {"name": "\u041d\u0435\u0442", "stageset": 3, "is_final": false}}, {"model": "academic.step", "pk": 17, "fields": {"name": "\u041d\u0430 \u0434\u043e\u0440\u0430\u0431\u043e\u0442\u043a\u0435", "stageset": 3, "is_final": false}}, {"model": "academic.step", "pk": 18, "fields": {"name": "\u041f\u0440\u0438\u043d\u044f\u0442", "stageset": 3, "is_final": true}}, {"model": "academic.step", "pk": 19, "fields": {"name": "\u0423\u0442\u0432\u0435\u0440\u0436\u0434\u0451\u043d", "stageset": 2, "is_final": false}}, {"model": "academic.step", "pk": 23, "fields": {"name": "\u041d\u0435\u0442", "stageset": 7, "is_final": false}}, {"model": "academic.step", "pk": 24, "fields": {"name": "\u041e\u0442\u043a\u043b\u043e\u043d\u0451\u043d", "stageset": 4, "is_final": true}}, {"model": "academic.step", "pk": 25, "fields": {"name": "\u041d\u0430 \u0440\u0430\u0441\u0441\u043c\u043e\u0442\u0440\u0435\u043d\u0438\u0438", "stageset": 7, "is_final": false}}, {"model": "academic.step", "pk": 26, "fields": {"name": "\u041e\u0442\u043a\u043b\u043e\u043d\u0451\u043d", "stageset": 7, "is_final": true}}, {"model": "academic.step", "pk": 27, "fields": {"name": "\u0423\u0442\u0432\u0435\u0440\u0436\u0434\u0451\u043d", "stageset": 7, "is_final": true}}, {"model": "academic.step", "pk": 28, "fields": {"name": "\u041f\u0440\u0438\u043d\u044f\u0442\u0430", "stageset": 1, "is_final": true}}, {"model": "academic.step", "pk": 29, "fields": {"name": "\u041e\u0442\u043a\u043b\u043e\u043d\u0435\u043d\u0430", "stageset": 1, "is_final": true}}, {"model": "academic.step", "pk": 30, "fields": {"name": "\u041e\u0442\u043a\u043b\u043e\u043d\u0451\u043d", "stageset": 6, "is_final": true}}, {"model": "academic.step", "pk": 31, "fields": {"name": "\u041e\u0442\u043a\u043b\u043e\u043d\u0451\u043d", "stageset": 3, "is_final": true}}, {"model": "academic.participation", "pk": 174, "fields": {"reservist": 1, "stage": 1, "step": 28, "reminder": "3 00:00:00"}}, {"model": "academic.participation", "pk": 175, "fields": {"reservist": 1, "stage": 9, "step": 3, "reminder": "3 00:00:00"}}, {"model": "academic.participation", "pk": 176, "fields": {"reservist": 1, "stage": 14, "step": 10, "reminder": "3 00:00:00"}}, {"model": "academic.participation", "pk": 177, "fields": {"reservist": 1, "stage": 4, "step": 6, "reminder": "3 00:00:00"}}, {"model": "academic.participation", "pk": 178, "fields": {"reservist": 1, "stage": 7, "step": 12, "reminder": "3 00:00:00"}}, {"model": "academic.participation", "pk": 179, "fields": {"reservist": 1, "stage": 11, "step": 23, "reminder": "3 00:00:00"}}, {"model": "academic.participation", "pk": 180, "fields": {"reservist": 3, "stage": 9, "step": 1, "reminder": "3 00:00:00"}}, {"model": "academic.participation", "pk": 181, "fields": {"reservist": 3, "stage": 5, "step": 16, "reminder": "3 00:00:00"}}, {"model": "academic.participation", "pk": 182, "fields": {"reservist": 3, "stage": 6, "step": 10, "reminder": "3 00:00:00"}}, {"model": "academic.participation", "pk": 183, "fields": {"reservist": 3, "stage": 4, "step": 6, "reminder": "3 00:00:00"}}, {"model": "academic.participation", "pk": 184, "fields": {"reservist": 3, "stage": 7, "step": 14, "reminder": "3 00:00:00"}}, {"model": "academic.participation", "pk": 185, "fields": {"reservist": 3, "stage": 11, "step": 23, "reminder": "3 00:00:00"}}, {"model": "academic.participation", "pk": 186, "fields": {"reservist": 4, "stage": 5, "step": 16, "reminder": "3 00:00:00"}}, {"model": "academic.participation", "pk": 187, "fields": {"reservist": 4, "stage": 11, "step": 23, "reminder": "3 00:00:00"}}, {"model": "academic.participation", "pk": 189, "fields": {"reservist": 5, "stage": 9, "step": 1, "reminder": "3 00:00:00"}}, {"model": "academic.participation", "pk": 190, "fields": {"reservist": 5, "stage": 14, "step": 11, "reminder": "3 00:00:00"}}, {"model": "academic.participation", "pk": 191, "fields": {"reservist": 5, "stage": 4, "step": 6, "reminder": "3 00:00:00"}}, {"model": "academic.participation", "pk": 192, "fields": {"reservist": 5, "stage": 7, "step": 12, "reminder": "3 00:00:00"}}, {"model": "academic.participation", "pk": 193, "fields": {"reservist": 5, "stage": 11, "step": 23, "reminder": "3 00:00:00"}}, {"model": "academic.participation", "pk": 195, "fields": {"reservist": 6, "stage": 9, "step": 1, "reminder": "3 00:00:00"}}, {"model": "academic.participation", "pk": 196, "fields": {"reservist": 6, "stage": 8, "step": 11, "reminder": "3 00:00:00"}}, {"model": "academic.participation", "pk": 197, "fields": {"reservist": 6, "stage": 3, "step": 6, "reminder": "3 00:00:00"}}, {"model": "academic.participation", "pk": 198, "fields": {"reservist": 6, "stage": 7, "step": 12, "reminder": "3 00:00:00"}}, {"model": "academic.participation", "pk": 199, "fields": {"reservist": 6, "stage": 11, "step": 23, "reminder": "3 00:00:00"}}, {"model": "academic.participation", "pk": 201, "fields": {"reservist": 7, "stage": 9, "step": 1, "reminder": "3 00:00:00"}}, {"model": "academic.participation", "pk": 202, "fields": {"reservist": 7, "stage": 10, "step": 10, "reminder": "3 00:00:00"}}, {"model": "academic.participation", "pk": 203, "fields": {"reservist": 7, "stage": 3, "step": 6, "reminder": "3 00:00:00"}}, {"model": "academic.participation", "pk": 204, "fields": {"reservist": 7, "stage": 7, "step": 12, "reminder": "3 00:00:00"}}, {"model": "academic.participation", "pk": 205, "fields": {"reservist": 7, "stage": 11, "step": 23, "reminder": "3 00:00:00"}}, {"model": "academic.participation", "pk": 206, "fields": {"reservist": 8, "stage": 1, "step": 28, "reminder": "3 00:00:00"}}, {"model": "academic.participation", "pk": 207, "fields": {"reservist": 8, "stage": 9, "step": 2, "reminder": "3 00:00:00"}}, {"model": "academic.participation", "pk": 208, "fields": {"reservist": 8, "stage": 14, "step": 11, "reminder": "3 00:00:00"}}, {"model": "academic.participation", "pk": 209, "fields": {"reservist": 8, "stage": 4, "step": 6, "reminder": "3 00:00:00"}}, {"model": "academic.participation", "pk": 210, "fields": {"reservist": 8, "stage": 7, "step": 14, "reminder": "3 00:00:00"}}, {"model": "academic.participation", "pk": 211, "fields": {"reservist": 8, "stage": 11, "step": 23, "reminder": "3 00:00:00"}}, {"model": "academic.participation", "pk": 212, "fields": {"reservist": 9, "stage": 9, "step": 3, "reminder": "3 00:00:00"}}, {"model": "academic.participation", "pk": 213, "fields": {"reservist": 9, "stage": 5, "step": 16, "reminder": "3 00:00:00"}}, {"model": "academic.participation", "pk": 214, "fields": {"reservist": 9, "stage": 17, "step": 10, "reminder": "3 00:00:00"}}, {"model": "academic.participation", "pk": 215, "fields": {"reservist": 9, "stage": 3, "step": 6, "reminder": "3 00:00:00"}}, {"model": "academic.participation", "pk": 216, "fields": {"reservist": 9, "stage": 7, "step": 14, "reminder": "3 00:00:00"}}, {"model": "academic.participation", "pk": 217, "fields": {"reservist": 9, "stage": 11, "step": 23, "reminder": "3 00:00:00"}}, {"model": "academic.participation", "pk": 219, "fields": {"reservist": 10, "stage": 9, "step": 1, "reminder": "3 00:00:00"}}, {"model": "academic.participation", "pk": 220, "fields": {"reservist": 10, "stage": 15, "step": 10, "reminder": "3 00:00:00"}}, {"model": "academic.participation", "pk": 221, "fields": {"reservist": 10, "stage": 3, "step": 6, "reminder": "3 00:00:00"}}, {"model": "academic.participation", "pk": 222, "fields": {"reservist": 10, "stage": 7, "step": 14, "reminder": "3 00:00:00"}}, {"model": "academic.participation", "pk": 223, "fields": {"reservist": 10, "stage": 11, "step": 23, "reminder": "3 00:00:00"}}, {"model": "academic.participation", "pk": 225, "fields": {"reservist": 13, "stage": 9, "step": 1, "reminder": "3 00:00:00"}}, {"model": "academic.participation", "pk": 226, "fields": {"reservist": 13, "stage": 16, "step": 10, "reminder": "3 00:00:00"}}, {"model": "academic.participation", "pk": 227, "fields": {"reservist": 13, "stage": 3, "step": 6, "reminder": "3 00:00:00"}}, {"model": "academic.participation", "pk": 228, "fields": {"reservist": 13, "stage": 7, "step": 12, "reminder": "3 00:00:00"}}, {"model": "academic.participation", "pk": 229, "fields": {"reservist": 13, "stage": 11, "step": 23, "reminder": "3 00:00:00"}}, {"model": "academic.participation", "pk": 230, "fields": {"reservist": 14, "stage": 19, "step": 10, "reminder": "3 00:00:00"}}, {"model": "academic.participation", "pk": 231, "fields": {"reservist": 14, "stage": 3, "step": 6, "reminder": "3 00:00:00"}}, {"model": "academic.participation", "pk": 232, "fields": {"reservist": 14, "stage": 7, "step": 12, "reminder": "3 00:00:00"}}, {"model": "academic.participation", "pk": 233, "fields": {"reservist": 14, "stage": 11, "step": 23, "reminder": "3 00:00:00"}}, {"model": "academic.participation", "pk": 234, "fields": {"reservist": 14, "stage": 9, "step": 1, "reminder": "3 00:00:00"}}, {"model": "academic.participation", "pk": 235, "fields": {"reservist": 10, "stage": 5, "step": 16, "reminder": "3 00:00:00"}}, {"model": "academic.participation", "pk": 236, "fields": {"reservist": 5, "stage": 1, "step": 4, "reminder": "3 00:00:00"}}, {"model": "academic.participation", "pk": 237, "fields": {"reservist": 6, "stage": 1, "step": 4, "reminder": "3 00:00:00"}}, {"model": "academic.participation", "pk": 238, "fields": {"reservist": 7, "stage": 1, "step": 4, "reminder": "3 00:00:00"}}, {"model": "academic.participation", "pk": 239, "fields": {"reservist": 13, "stage": 1, "step": 4, "reminder": "3 00:00:00"}}, {"model": "academic.participation", "pk": 240, "fields": {"reservist": 14, "stage": 1, "step": 4, "reminder": "3 00:00:00"}}, {"model": "academic.position", "pk": 1, "fields": {"name": "\u0418\u0441\u0441\u043b\u0435\u0434\u043e\u0432\u0430\u0442\u0435\u043b\u044c"}}, {"model": "academic.position", "pk": 2, "fields": {"name": "\u0421\u0442\u0430\u0440\u0448\u0438\u0439 \u043f\u0440\u0435\u043f\u043e\u0434\u0430\u0432\u0430\u0442\u0435\u043b\u044c"}}, {"model": "academic.position", "pk": 3, "fields": {"name": "\u0414\u043e\u0446\u0435\u043d\u0442"}}, {"model": "academic.position", "pk": 4, "fields": {"name": "\u0421\u0442\u0430\u0440\u0448\u0438\u0439 \u043d\u0430\u0443\u0447\u043d\u044b\u0439 \u0441\u043e\u0442\u0440\u0443\u0434\u043d\u0438\u043a"}}, {"model": "academic.degree", "pk": 1, "fields": {"name": "\u041a\u0430\u043d\u0434\u0438\u0434\u0430\u0442 \u0442\u0435\u0445\u043d\u0438\u0447\u0435\u0441\u043a\u0438\u0445 \u043d\u0430\u0443\u043a", "short_name": "\u043a.\u0442.\u043d."}}, {"model": "academic.reservist", "pk": 1, "fields": {"name": "A\u043b\u044c\u0446\u0438\u043e\u043d\u0441\u043a\u0438\u0439 A\u043b\u0435\u043a\u0441\u0435\u0439 B\u0435\u043d\u0438\u0430\u043c\u0438\u043d\u043e\u0432\u0438\u0447", "email": "ad@hse.ru", "comment": "cmt", "personal_page": "https://hse.ru", "birthday": "1992-03-15", "category": 1, "status": 1, "department": 4, "position": 3, "degree": null, "phd": null, "hse": "2016-08-10"}}, {"model": "academic.reservist", "pk": 3, "fields": {"name": "\u0423\u043c\u043d\u043e\u0432 \u0412\u043b\u0430\u0434\u0438\u043c\u0438\u0440 \u041b\u044c\u0432\u043e\u0432\u0438\u0447", "email": "y@hse.ru", "comment": "1", "personal_page": "https://hse.ru", "birthday": "1987-03-22", "category": 1, "status": 2, "department": 5, "position": 1, "degree": 1, "phd": "2017-01-10", "hse": "2015-03-23"}}, {"model": "academic.reservist", "pk": 4, "fields": {"name": "\u041a\u043e\u043d\u0441\u0442\u0430\u043d\u0442\u0438\u043d\u043e\u043f\u043e\u043b\u044c\u0441\u043a\u0438\u0439 \u041a\u043e\u043d\u0441\u0442\u0430\u043d\u0442\u0438\u043d \u041a\u043e\u043d\u0441\u0442\u0430\u043d\u0442\u0438\u043d\u043e\u0432\u0438\u0447", "email": "z@hse.ru", "comment": "", "personal_page": "https://hse.ru", "birthday": "1993-03-05", "category": 1, "status": 3, "department": 2, "position": 3, "degree": null, "phd": null, "hse": "2014-07-02"}}, {"model": "academic.reservist", "pk": 5, "fields": {"name": "B\u0430\u0441\u0438\u043b\u044c\u0435\u0432 \u0412\u0430\u043b\u0435\u043d\u0442\u0438\u043d \u0412\u043b\u0430\u0434\u0438\u043c\u0438\u0440\u043e\u0432\u0438\u0447", "email": "b@hse.ru", "comment": "", "personal_page": "https://hse.ru", "birthday": "1991-02-12", "category": 3, "status": 1, "department": 4, "position": 1, "degree": 1, "phd": "2014-04-03", "hse": "2016-02-21"}}, {"model": "academic.reservist", "pk": 6, "fields": {"name": "A\u0431\u0440\u0430\u043c\u043e\u0432 A\u043b\u0435\u043a\u0441\u0430\u043d\u0434\u0440 B\u0430\u043b\u0435\u043d\u0442\u0438\u043d\u043e\u0432\u0438\u0447", "email": "aba@hse.ru", "comment": "", "personal_page": "https://hse.ru", "birthday": "1982-08-14", "category": 2, "status": 1, "department": 2, "position": 1, "degree": null, "phd": null, "hse": "2016-09-23"}}, {"model": "academic.reservist", "pk": 7, "fields": {"name": "\u0417\u0430\u043b\u0435\u0441\u0441\u043a\u0438\u0439 \u0421\u0435\u0440\u0433\u0435\u0439 \u0418\u0432\u0430\u043d\u043e\u0432\u0438\u0447", "email": "zal@hse.ru", "comment": "", "personal_page": "", "birthday": "1990-06-14", "category": 4, "status": 1, "department": 3, "position": 2, "degree": 1, "phd": "2017-04-10", "hse": "2012-03-12"}}, {"model": "academic.reservist", "pk": 8, "fields": {"name": "\u0428\u043c\u0435\u043b\u0451\u0432 \u0421\u0435\u0440\u0433\u0435\u0439 \u0415\u0432\u0433\u0435\u043d\u044c\u0435\u0432\u0438\u0447", "email": "shmelev@hse.ru", "comment": "", "personal_page": "", "birthday": "1993-02-15", "category": 1, "status": 1, "department": 4, "position": 4, "degree": null, "phd": null, "hse": "2017-01-10"}}, {"model": "academic.reservist", "pk": 9, "fields": {"name": "\u0421\u0435\u043c\u0451\u043d\u043e\u0432 \u0410\u043b\u0435\u043a\u0441\u0435\u0439 \u041d\u0438\u043a\u043e\u043b\u0430\u0435\u0432\u0438\u0447", "email": "sem@hse.ru", "comment": "", "personal_page": "", "birthday": "1984-01-02", "category": 1, "status": 2, "department": 9, "position": 1, "degree": null, "phd": null, "hse": "2016-07-19"}}, {"model": "academic.reservist", "pk": 10, "fields": {"name": "\u0417\u0430\u0432\u044c\u044f\u043b\u043e\u0432\u0430 \u041d\u0438\u043d\u0430 \u0421\u0435\u043c\u0451\u043d\u043e\u0432\u043d\u0430", "email": "zz@hse.ru", "comment": "", "personal_page": "", "birthday": "2017-05-09", "category": 4, "status": 2, "department": 6, "position": 3, "degree": null, "phd": null, "hse": "2017-05-10"}}, {"model": "academic.reservist", "pk": 13, "fields": {"name": "\u042f\u043b\u044c\u043d\u0435\u0446 \u0410\u043b\u0435\u043a\u0441\u0435\u0439 \u041d\u0438\u043a\u043e\u043b\u0430\u0435\u0432\u0438\u0447", "email": "ja@hse.ru", "comment": "", "personal_page": "", "birthday": "2017-05-10", "category": 3, "status": 1, "department": 7, "position": 2, "degree": null, "phd": null, "hse": "2017-05-10"}}, {"model": "academic.reservist", "pk": 14, "fields": {"name": "\u042f\u043a\u043e\u0432\u043b\u0435\u0432 \u0412\u0430\u043b\u0435\u043d\u0442\u0438\u043d \u041c\u0438\u0445\u0430\u0439\u043b\u043e\u0432\u0438\u0447", "email": "v@hse.ru", "comment": "", "personal_page": "", "birthday": "2017-05-10", "category": 4, "status": 1, "department": 15, "position": 1, "degree": null, "phd": null, "hse": "2017-05-10"}}]